Model,Accuracy,Precision,Recall,F1-Score
Random Forest,0.5919179734620024,0.6122757341685305,0.5919179734620024,0.5627736015025241
