model_name,accuracy,precision,recall,f1_score
gradient_boost,0.5879200413579183,0.6022802692070967,0.5879200413579183,0.5475830988188366
